{
	"credit": "Re-Created By JKWarrior15",
	"textures": {
		"texture": "item/shockwave"
	},
	"elements": [
		{
			"from": [-16, 0, -16],
			"to": [32, 0, 32],
			"rotation": {"angle": 0, "axis": "z", "origin": [14.05025, 1.36396, 8]},
			"faces": {
				"up": {"uv": [1.344, 1.438, 14.594, 14.594], "texture": "#texture"},
				"down": {"uv": [1.344, 1.438, 14.594, 14.594], "texture": "#texture"}
			}
		}
	],
	"display": {
		"thirdperson_righthand": {
			"rotation": [90, 0, 0],
			"scale": [4, 1, 4]
		},
		"head": {
			"rotation": [90, 0, 0],
			"translation": [0, 0, 8.25],
			"scale": [4, 1, 4]
		}
	}
}